Hogwarts House,Arithmancy,Astronomy,Herbology,Defense Against the Dark Arts,Divination,Muggle Studies,Ancient Runes,History of Magic,Transfiguration,Potions,Care of Magical Creatures,Charms,Flying
Ravenclaw,0.7000141250441988,-0.01351185653509193,0.6607370696733891,1.881907998217371,0.4170002303795026,2.1933993158022402,1.3083675767538556,0.5661842231280826,0.48610149966254507,0.2512742086368173,0.08841665398634817,1.327717129009187,1.0389692104367314
Slytherin,0.16961683267646566,-0.2839632484829316,-1.5168147490504058,1.9708255368642826,-2.9424331916921136,-0.21954646209508702,-1.2926396735021162,0.24183836776004802,0.9242867340183615,0.866715000279954,-0.012238063802374029,-1.5023463907885,0.13173470619263894
Gryffindor,-0.01760704665319786,1.060945450363328,-1.9922006859066308,0.7338843362658295,0.7920285038774662,-0.1288729445742961,1.3390855979108207,-0.9546234826229004,-1.6799020068230575,-0.24155593623977453,-0.10566772251760498,-0.9186646757695675,2.4503695403992625
Hufflepuff,0.46938707072965086,2.3631451486889836,1.4978379980252683,-0.6690168917716502,0.6532368194951272,-0.7845161268031625,-1.826171735157192,1.3385263549945703,1.216392845363201,-0.26063240787435893,0.008000378521244658,-0.22226541801813796,0.30782427239318494
